fecha,categoria,region,vendedor,cantidad,precio_unitario,venta_total,mes,dia_semana
2024-04-12,Hogar,Centro,Carlos López,9,93.76,843.84,4,Friday
2024-12-14,Hogar,Norte,Ana García,12,214.89,2578.68,12,Saturday
2024-09-27,Electrónica,Norte,Ana García,19,381.07,7240.33,9,Friday
2024-04-16,Ropa,Norte,Laura Sánchez,3,450.0,1350.0,4,Tuesday
2024-03-12,Ropa,Norte,Laura Sánchez,15,51.22,768.3,3,Tuesday
2024-07-07,Libros,Este,Ana García,2,202.62,405.24,7,Sunday
2024-01-21,Ropa,Oeste,María Rodríguez,2,59.12,118.24,1,Sunday
2024-04-12,Deportes,Sur,María Rodríguez,3,18.13,54.39,4,Friday
2024-05-01,Ropa,Este,Laura Sánchez,6,334.24,2005.44,5,Wednesday
2024-08-02,Libros,Este,Juan Martínez,15,305.2,4578.0,8,Friday
2024-11-26,Ropa,Sur,Ana García,10,89.88,898.8,11,Tuesday
2024-03-28,Deportes,Sur,Laura Sánchez,9,124.57,1121.1299999999999,3,Thursday
2024-04-09,Electrónica,Norte,Laura Sánchez,1,21.62,21.62,4,Tuesday
2024-12-25,Libros,Este,Ana García,16,419.12,6705.92,12,Wednesday
2024-05-31,Electrónica,Centro,Ana García,6,487.6,2925.6000000000004,5,Friday
2024-05-10,Electrónica,Sur,María Rodríguez,9,76.38,687.42,5,Friday
2024-05-29,Electrónica,Sur,Juan Martínez,4,123.42,493.68,5,Wednesday
2024-11-04,Hogar,Oeste,Juan Martínez,2,435.52,871.04,11,Monday
2024-09-14,Hogar,Centro,Ana García,4,463.97,1855.88,9,Saturday
2024-12-09,Electrónica,Centro,Carlos López,1,215.62,215.62,12,Monday
2024-10-20,Libros,Sur,Laura Sánchez,19,34.81,661.3900000000001,10,Sunday
2024-07-10,Deportes,Norte,Laura Sánchez,10,29.3,293.0,7,Wednesday
2024-10-03,Deportes,Oeste,Ana García,15,291.24,4368.6,10,Thursday
2024-06-09,Ropa,Centro,Carlos López,19,202.52,3847.88,6,Sunday
2024-11-09,Libros,Sur,María Rodríguez,16,24.04,384.64,11,Saturday
2024-01-22,Hogar,Centro,Ana García,4,295.79,1183.16,1,Monday
2024-09-09,Electrónica,Oeste,Ana García,2,15.54,31.08,9,Monday
2024-08-23,Ropa,Oeste,Laura Sánchez,13,395.81,5145.53,8,Friday
2024-12-10,Deportes,Este,Ana García,1,160.15,160.15,12,Tuesday
2024-02-18,Hogar,Sur,Ana García,17,29.73,505.41,2,Sunday
2024-02-28,Hogar,Oeste,Ana García,13,298.29,3877.7700000000004,2,Wednesday
2024-06-18,Electrónica,Este,Laura Sánchez,4,204.87,819.48,6,Tuesday
2024-07-06,Deportes,Este,María Rodríguez,7,487.16,3410.1200000000003,7,Saturday
2024-09-27,Libros,Centro,María Rodríguez,17,276.66,4703.22,9,Friday
2024-07-08,Hogar,Centro,Ana García,9,144.87,1303.83,7,Monday
2024-06-23,Electrónica,Este,Laura Sánchez,4,357.63,1430.52,6,Sunday
2024-02-20,Libros,Centro,María Rodríguez,19,143.03,2717.57,2,Tuesday
2024-12-29,Deportes,Oeste,María Rodríguez,1,453.08,453.08,12,Sunday
2024-02-24,Hogar,Norte,María Rodríguez,10,193.61,1936.1000000000001,2,Saturday
2024-08-31,Libros,Oeste,Laura Sánchez,4,279.44,1117.76,8,Saturday
2024-11-15,Libros,Este,Laura Sánchez,9,34.78,313.02,11,Friday
2024-05-10,Libros,Este,Ana García,13,218.8,2844.4,5,Friday
2024-11-02,Hogar,Oeste,Juan Martínez,14,417.86,5850.04,11,Saturday
2024-05-14,Hogar,Centro,María Rodríguez,10,404.77,4047.7,5,Tuesday
2024-01-21,Ropa,Centro,Juan Martínez,6,119.92,719.52,1,Sunday
2024-11-24,Deportes,Este,Laura Sánchez,16,120.78,1932.48,11,Sunday
2024-06-15,Electrónica,Sur,Laura Sánchez,6,410.48,2462.88,6,Saturday
2024-09-30,Libros,Centro,Laura Sánchez,17,465.9,7920.299999999999,9,Monday
2024-03-29,Ropa,Oeste,Juan Martínez,10,56.73,567.3,3,Friday
2024-11-11,Electrónica,Centro,Laura Sánchez,18,230.53,4149.54,11,Monday
2024-01-14,Ropa,Oeste,Ana García,18,175.35,3156.2999999999997,1,Sunday
2024-08-29,Hogar,Este,Laura Sánchez,3,436.64,1309.92,8,Thursday
2024-09-21,Libros,Centro,Carlos López,15,50.93,763.95,9,Saturday
2024-12-11,Electrónica,Oeste,Juan Martínez,15,113.45,1701.75,12,Wednesday
2024-02-22,Electrónica,Este,Carlos López,4,378.71,1514.84,2,Thursday
2024-12-05,Electrónica,Sur,Laura Sánchez,9,35.13,316.17,12,Thursday
2024-04-01,Electrónica,Oeste,Ana García,19,251.34,4775.46,4,Monday
2024-09-20,Electrónica,Sur,María Rodríguez,17,226.63,3852.71,9,Friday
2024-02-04,Ropa,Sur,Laura Sánchez,11,173.86,1912.46,2,Sunday
2024-07-24,Libros,Norte,Ana García,9,203.34,1830.06,7,Wednesday
2024-03-21,Hogar,Centro,Juan Martínez,10,269.67,2696.7000000000003,3,Thursday
2024-02-19,Hogar,Oeste,Carlos López,18,89.07,1603.2599999999998,2,Monday
2024-12-25,Hogar,Sur,Carlos López,13,290.28,3773.6399999999994,12,Wednesday
2024-01-02,Hogar,Norte,Carlos López,8,404.66,3237.28,1,Tuesday
2024-02-23,Ropa,Este,Juan Martínez,7,382.48,2677.36,2,Friday
2024-04-15,Deportes,Oeste,Ana García,17,85.41,1451.97,4,Monday
2024-09-16,Libros,Sur,Juan Martínez,15,83.13,1246.9499999999998,9,Monday
2024-11-05,Electrónica,Centro,Carlos López,15,141.41,2121.15,11,Tuesday
2024-07-09,Deportes,Norte,Laura Sánchez,1,186.93,186.93,7,Tuesday
2024-08-05,Hogar,Sur,María Rodríguez,14,210.14,2941.96,8,Monday
2024-02-13,Deportes,Centro,Juan Martínez,5,343.05,1715.25,2,Tuesday
2024-06-10,Libros,Sur,Juan Martínez,11,37.77,415.47,6,Monday
2024-07-20,Electrónica,Oeste,Ana García,16,26.99,431.84,7,Saturday
2024-09-26,Electrónica,Oeste,Ana García,2,202.04,404.08,9,Thursday
2024-12-16,Libros,Oeste,Juan Martínez,8,351.61,2812.88,12,Monday
2024-10-30,Libros,Norte,Carlos López,11,104.78,1152.58,10,Wednesday
2024-09-27,Hogar,Oeste,María Rodríguez,18,324.34,5838.12,9,Friday
2024-08-02,Electrónica,Centro,Ana García,3,137.32,411.96,8,Friday
2024-09-08,Deportes,Sur,Carlos López,1,444.18,444.18,9,Sunday
2024-07-08,Ropa,Este,Laura Sánchez,11,448.89,4937.79,7,Monday
2024-10-22,Ropa,Centro,Ana García,16,155.67,2490.72,10,Tuesday
2024-07-31,Libros,Centro,Carlos López,18,122.7,2208.6,7,Wednesday
2024-07-26,Hogar,Oeste,Carlos López,16,211.54,3384.64,7,Friday
2024-08-24,Ropa,Norte,María Rodríguez,10,127.86,1278.6,8,Saturday
2024-12-03,Electrónica,Sur,María Rodríguez,18,339.47,6110.460000000001,12,Tuesday
2024-02-22,Libros,Norte,Laura Sánchez,6,414.77,2488.62,2,Thursday
2024-10-06,Deportes,Sur,Carlos López,19,339.82,6456.58,10,Sunday
2024-08-04,Libros,Sur,Carlos López,4,413.93,1655.72,8,Sunday
2024-09-08,Deportes,Norte,María Rodríguez,13,204.53,2658.89,9,Sunday
2024-07-06,Libros,Centro,Ana García,14,86.6,1212.3999999999999,7,Saturday
2024-02-10,Libros,Sur,Ana García,3,371.6,1114.8000000000002,2,Saturday
2024-06-05,Libros,Norte,Juan Martínez,10,186.63,1866.3,6,Wednesday
2024-01-15,Deportes,Sur,María Rodríguez,6,338.92,2033.52,1,Monday
2024-10-27,Deportes,Este,Juan Martínez,1,142.62,142.62,10,Sunday
2024-03-05,Libros,Centro,María Rodríguez,14,49.8,697.1999999999999,3,Tuesday
2024-12-10,Ropa,Oeste,Laura Sánchez,8,496.37,3970.96,12,Tuesday
2024-11-22,Hogar,Sur,Carlos López,19,86.54,1644.2600000000002,11,Friday
2024-01-09,Hogar,Este,Laura Sánchez,14,494.33,6920.62,1,Tuesday
2024-12-09,Hogar,Oeste,María Rodríguez,10,488.87,4888.7,12,Monday
2024-05-08,Deportes,Oeste,Carlos López,17,398.97,6782.490000000001,5,Wednesday
2024-05-15,Deportes,Sur,Ana García,9,333.12,2998.08,5,Wednesday
2024-03-03,Ropa,Norte,Ana García,6,293.13,1758.78,3,Sunday
2024-05-18,Hogar,Sur,Juan Martínez,11,434.39,4778.29,5,Saturday
2024-03-21,Hogar,Este,María Rodríguez,7,151.83,1062.8100000000002,3,Thursday
2024-06-11,Libros,Oeste,María Rodríguez,17,239.16,4065.72,6,Tuesday
2024-10-15,Deportes,Sur,Ana García,1,313.5,313.5,10,Tuesday
2024-09-17,Hogar,Norte,Laura Sánchez,5,211.48,1057.3999999999999,9,Tuesday
2024-08-18,Ropa,Sur,Carlos López,9,219.47,1975.23,8,Sunday
2024-02-10,Ropa,Centro,Laura Sánchez,18,171.84,3093.12,2,Saturday
2024-01-28,Hogar,Norte,Laura Sánchez,2,286.47,572.94,1,Sunday
2024-05-14,Deportes,Este,Ana García,11,426.78,4694.58,5,Tuesday
2024-07-19,Ropa,Oeste,Ana García,6,108.75,652.5,7,Friday
2024-11-23,Libros,Sur,Ana García,8,467.87,3742.96,11,Saturday
2024-09-24,Ropa,Norte,Juan Martínez,4,347.65,1390.6,9,Tuesday
2024-02-02,Electrónica,Centro,Laura Sánchez,18,413.4,7441.2,2,Friday
2024-02-17,Electrónica,Norte,María Rodríguez,11,282.53,3107.83,2,Saturday
2024-03-02,Deportes,Centro,Carlos López,5,391.96,1959.8,3,Saturday
2024-08-03,Hogar,Este,Juan Martínez,15,17.94,269.1,8,Saturday
2024-10-19,Deportes,Oeste,María Rodríguez,18,411.01,7398.18,10,Saturday
2024-04-08,Deportes,Este,Laura Sánchez,2,29.67,59.34,4,Monday
2024-06-20,Deportes,Sur,Ana García,11,446.06,4906.66,6,Thursday
2024-12-25,Deportes,Norte,Laura Sánchez,13,496.06,6448.78,12,Wednesday
2024-08-01,Libros,Centro,Carlos López,4,154.09,616.36,8,Thursday
2024-02-04,Libros,Centro,Juan Martínez,7,113.06,791.4200000000001,2,Sunday
2024-08-14,Ropa,Norte,Juan Martínez,11,385.03,4235.33,8,Wednesday
2024-04-10,Electrónica,Norte,Carlos López,4,133.98,535.92,4,Wednesday
2024-05-10,Deportes,Sur,María Rodríguez,15,434.13,6511.95,5,Friday
2024-09-13,Ropa,Este,María Rodríguez,1,60.39,60.39,9,Friday
2024-01-05,Electrónica,Centro,Juan Martínez,3,71.72,215.16,1,Friday
2024-08-05,Hogar,Sur,Juan Martínez,14,489.78,6856.92,8,Monday
2024-09-11,Libros,Este,Ana García,6,340.18,2041.08,9,Wednesday
2024-12-24,Electrónica,Sur,María Rodríguez,18,424.97,7649.460000000001,12,Tuesday
2024-10-09,Hogar,Centro,Carlos López,1,168.92,168.92,10,Wednesday
2024-07-25,Electrónica,Norte,María Rodríguez,6,341.48,2048.88,7,Thursday
2024-01-15,Libros,Norte,Ana García,6,301.18,1807.08,1,Monday
2024-12-11,Libros,Este,Juan Martínez,16,305.54,4888.64,12,Wednesday
2024-02-11,Ropa,Oeste,Juan Martínez,5,344.44,1722.2,2,Sunday
2024-06-27,Deportes,Este,Ana García,17,291.93,4962.81,6,Thursday
2024-03-03,Electrónica,Oeste,Carlos López,10,220.24,2202.4,3,Sunday
2024-12-17,Electrónica,Sur,Juan Martínez,18,145.2,2613.6,12,Tuesday
2024-08-18,Hogar,Sur,Laura Sánchez,7,386.6,2706.2000000000003,8,Sunday
2024-08-28,Libros,Centro,Juan Martínez,3,120.87,362.61,8,Wednesday
2024-02-21,Electrónica,Oeste,Laura Sánchez,13,349.25,4540.25,2,Wednesday
2024-04-05,Libros,Centro,Ana García,15,124.33,1864.95,4,Friday
2024-08-09,Electrónica,Norte,Ana García,19,316.41,6011.790000000001,8,Friday
2024-08-18,Ropa,Oeste,Juan Martínez,3,376.07,1128.21,8,Sunday
2024-08-24,Deportes,Este,María Rodríguez,4,117.17,468.68,8,Saturday
2024-05-22,Electrónica,Norte,Laura Sánchez,5,39.37,196.85,5,Wednesday
2024-06-19,Libros,Norte,Carlos López,1,74.18,74.18,6,Wednesday
2024-01-29,Ropa,Este,Juan Martínez,4,306.94,1227.76,1,Monday
2024-02-05,Electrónica,Norte,Carlos López,12,426.23,5114.76,2,Monday
2024-01-13,Hogar,Oeste,Juan Martínez,10,32.05,320.5,1,Saturday
2024-06-08,Deportes,Centro,María Rodríguez,13,369.73,4806.49,6,Saturday
2024-11-22,Electrónica,Norte,María Rodríguez,14,177.25,2481.5,11,Friday
2024-07-05,Ropa,Oeste,María Rodríguez,5,244.48,1222.3999999999999,7,Friday
2024-08-30,Hogar,Sur,María Rodríguez,4,465.14,1860.56,8,Friday
2024-03-26,Ropa,Oeste,Ana García,14,172.67,2417.3799999999997,3,Tuesday
2024-10-10,Ropa,Centro,Ana García,10,238.02,2380.2000000000003,10,Thursday
2024-03-06,Hogar,Oeste,Laura Sánchez,17,16.7,283.9,3,Wednesday
2024-06-18,Ropa,Este,Carlos López,10,49.98,499.79999999999995,6,Tuesday
2024-02-14,Hogar,Centro,Juan Martínez,7,136.71,956.97,2,Wednesday
2024-03-02,Electrónica,Sur,Juan Martínez,16,23.65,378.4,3,Saturday
2024-05-13,Hogar,Este,Ana García,1,319.37,319.37,5,Monday
2024-10-10,Hogar,Oeste,Juan Martínez,17,218.94,3721.98,10,Thursday
2024-01-28,Deportes,Centro,Ana García,9,278.59,2507.31,1,Sunday
2024-04-17,Hogar,Sur,Laura Sánchez,6,95.58,573.48,4,Wednesday
2024-02-13,Hogar,Este,Carlos López,19,155.01,2945.1899999999996,2,Tuesday
2024-12-05,Electrónica,Sur,Laura Sánchez,13,335.27,4358.51,12,Thursday
2024-10-12,Deportes,Oeste,María Rodríguez,3,483.0,1449.0,10,Saturday
2024-11-26,Libros,Sur,María Rodríguez,7,34.7,242.90000000000003,11,Tuesday
2024-05-07,Electrónica,Norte,María Rodríguez,9,446.29,4016.61,5,Tuesday
2024-12-13,Electrónica,Este,Laura Sánchez,5,292.67,1463.3500000000001,12,Friday
2024-08-18,Libros,Sur,Juan Martínez,10,286.32,2863.2,8,Sunday
2024-07-08,Hogar,Oeste,Carlos López,17,255.14,4337.38,7,Monday
2024-08-12,Ropa,Oeste,María Rodríguez,12,44.0,528.0,8,Monday
2024-10-09,Deportes,Sur,María Rodríguez,16,54.04,864.64,10,Wednesday
2024-04-30,Ropa,Oeste,María Rodríguez,3,304.45,913.3499999999999,4,Tuesday
2024-04-25,Libros,Centro,Carlos López,9,177.07,1593.6299999999999,4,Thursday
2024-08-20,Electrónica,Centro,María Rodríguez,15,459.46,6891.9,8,Tuesday
2024-09-15,Electrónica,Centro,Carlos López,5,209.23,1046.1499999999999,9,Sunday
2024-12-24,Deportes,Norte,María Rodríguez,13,80.21,1042.73,12,Tuesday
2024-07-16,Electrónica,Sur,Laura Sánchez,14,360.21,5042.94,7,Tuesday
2024-05-16,Electrónica,Norte,Laura Sánchez,15,153.74,2306.1000000000004,5,Thursday
2024-11-13,Deportes,Oeste,Carlos López,16,267.48,4279.68,11,Wednesday
2024-06-13,Deportes,Norte,Laura Sánchez,13,351.94,4575.22,6,Thursday
2024-08-12,Libros,Oeste,Carlos López,17,451.13,7669.21,8,Monday
2024-11-02,Electrónica,Oeste,Laura Sánchez,8,398.17,3185.36,11,Saturday
2024-08-21,Electrónica,Este,Laura Sánchez,2,341.42,682.84,8,Wednesday
2024-06-20,Libros,Centro,Carlos López,5,343.02,1715.1,6,Thursday
2024-05-31,Hogar,Oeste,Juan Martínez,6,473.5,2841.0,5,Friday
2024-11-10,Hogar,Este,Laura Sánchez,12,154.95,1859.3999999999999,11,Sunday
2024-06-08,Hogar,Centro,María Rodríguez,18,10.54,189.71999999999997,6,Saturday
2024-04-05,Libros,Oeste,Juan Martínez,1,143.26,143.26,4,Friday
2024-08-20,Electrónica,Oeste,Carlos López,17,116.77,1985.09,8,Tuesday
2024-06-28,Libros,Norte,Juan Martínez,11,334.3,3677.3,6,Friday
2024-04-22,Libros,Norte,Ana García,10,320.52,3205.2,4,Monday
2024-11-13,Hogar,Centro,Ana García,19,300.8,5715.2,11,Wednesday
2024-02-21,Ropa,Oeste,Laura Sánchez,14,17.96,251.44,2,Wednesday
2024-09-24,Electrónica,Sur,Laura Sánchez,10,367.1,3671.0,9,Tuesday
2024-10-21,Hogar,Norte,María Rodríguez,15,168.53,2527.95,10,Monday
2024-04-22,Ropa,Centro,Juan Martínez,19,335.88,6381.72,4,Monday
2024-04-10,Ropa,Oeste,Ana García,4,282.72,1130.88,4,Wednesday
2024-04-22,Deportes,Oeste,Laura Sánchez,2,177.94,355.88,4,Monday
2024-03-21,Electrónica,Sur,Juan Martínez,9,75.94,683.46,3,Thursday
2024-07-05,Ropa,Centro,Laura Sánchez,10,56.27,562.7,7,Friday
2024-04-22,Hogar,Oeste,Laura Sánchez,11,417.44,4591.84,4,Monday
2024-01-02,Deportes,Norte,Ana García,14,460.01,6440.139999999999,1,Tuesday
2024-05-09,Electrónica,Sur,Ana García,7,328.4,2298.7999999999997,5,Thursday
2024-08-07,Libros,Centro,Laura Sánchez,15,60.68,910.2,8,Wednesday
2024-02-23,Hogar,Sur,Carlos López,19,206.99,3932.8100000000004,2,Friday
2024-12-08,Ropa,Norte,Laura Sánchez,15,367.18,5507.7,12,Sunday
2024-08-11,Ropa,Centro,Laura Sánchez,8,392.11,3136.88,8,Sunday
2024-08-12,Hogar,Sur,María Rodríguez,11,67.93,747.23,8,Monday
2024-05-05,Ropa,Este,María Rodríguez,9,10.02,90.17999999999999,5,Sunday
2024-05-09,Deportes,Norte,María Rodríguez,15,358.95,5384.25,5,Thursday
2024-02-22,Electrónica,Norte,Carlos López,1,184.73,184.73,2,Thursday
2024-06-20,Deportes,Norte,Carlos López,1,134.7,134.7,6,Thursday
2024-08-05,Ropa,Este,Laura Sánchez,19,16.32,310.08,8,Monday
2024-06-08,Libros,Este,María Rodríguez,3,274.75,824.25,6,Saturday
2024-07-16,Electrónica,Oeste,Carlos López,10,427.06,4270.6,7,Tuesday
2024-09-03,Electrónica,Sur,Ana García,8,479.24,3833.92,9,Tuesday
2024-11-19,Hogar,Oeste,Laura Sánchez,15,287.22,4308.3,11,Tuesday
2024-07-21,Hogar,Sur,Juan Martínez,10,262.09,2620.8999999999996,7,Sunday
2024-07-02,Libros,Este,Laura Sánchez,1,51.68,51.68,7,Tuesday
2024-05-02,Electrónica,Este,Juan Martínez,18,278.95,5021.099999999999,5,Thursday
2024-09-11,Libros,Oeste,María Rodríguez,2,196.19,392.38,9,Wednesday
2024-10-20,Hogar,Centro,Juan Martínez,19,307.5,5842.5,10,Sunday
2024-10-06,Hogar,Oeste,María Rodríguez,13,200.48,2606.24,10,Sunday
2024-11-20,Electrónica,Sur,Ana García,1,127.75,127.75,11,Wednesday
2024-04-07,Deportes,Oeste,Juan Martínez,2,56.53,113.06,4,Sunday
2024-07-16,Ropa,Norte,Laura Sánchez,16,164.31,2628.96,7,Tuesday
2024-08-27,Hogar,Sur,María Rodríguez,15,57.36,860.4,8,Tuesday
2024-05-23,Hogar,Sur,Laura Sánchez,13,96.68,1256.8400000000001,5,Thursday
2024-04-06,Deportes,Centro,Carlos López,16,493.79,7900.64,4,Saturday
2024-07-19,Deportes,Este,María Rodríguez,17,227.61,3869.3700000000003,7,Friday
2024-05-03,Libros,Sur,Juan Martínez,7,270.62,1894.3400000000001,5,Friday
2024-07-05,Libros,Este,María Rodríguez,17,438.07,7447.19,7,Friday
2024-11-21,Ropa,Oeste,Laura Sánchez,7,497.83,3484.81,11,Thursday
2024-12-14,Ropa,Norte,Ana García,13,295.53,3841.8899999999994,12,Saturday
2024-09-15,Electrónica,Centro,María Rodríguez,5,408.11,2040.5500000000002,9,Sunday
2024-05-27,Libros,Este,Juan Martínez,17,170.2,2893.3999999999996,5,Monday
2024-09-08,Hogar,Sur,Carlos López,3,159.81,479.43,9,Sunday
2024-12-11,Libros,Este,Ana García,7,207.32,1451.24,12,Wednesday
2024-05-26,Hogar,Sur,Carlos López,17,339.53,5772.009999999999,5,Sunday
2024-05-27,Deportes,Este,María Rodríguez,7,344.27,2409.89,5,Monday
2024-12-17,Libros,Sur,Laura Sánchez,1,164.47,164.47,12,Tuesday
2024-07-17,Deportes,Oeste,Laura Sánchez,17,75.27,1279.59,7,Wednesday
2024-11-03,Ropa,Sur,Juan Martínez,17,319.87,5437.79,11,Sunday
2024-05-07,Ropa,Sur,Laura Sánchez,11,72.88,801.68,5,Tuesday
2024-02-08,Electrónica,Norte,Ana García,3,293.46,880.3799999999999,2,Thursday
2024-12-03,Libros,Sur,Laura Sánchez,15,349.78,5246.7,12,Tuesday
2024-12-25,Deportes,Norte,Juan Martínez,11,353.3,3886.3,12,Wednesday
2024-05-08,Hogar,Centro,María Rodríguez,16,379.2,6067.2,5,Wednesday
2024-09-23,Ropa,Norte,María Rodríguez,9,437.7,3939.2999999999997,9,Monday
2024-05-30,Ropa,Oeste,Laura Sánchez,1,254.98,254.98,5,Thursday
2024-10-24,Hogar,Norte,Carlos López,16,367.82,5885.12,10,Thursday
2024-04-08,Deportes,Centro,María Rodríguez,9,313.39,2820.5099999999998,4,Monday
2024-09-19,Deportes,Oeste,Laura Sánchez,19,101.45,1927.55,9,Thursday
2024-09-08,Libros,Este,Juan Martínez,12,22.59,271.08,9,Sunday
2024-05-23,Libros,Este,Laura Sánchez,19,149.43,2839.17,5,Thursday
2024-12-11,Electrónica,Norte,María Rodríguez,9,227.09,2043.81,12,Wednesday
2024-04-21,Ropa,Norte,Juan Martínez,7,312.38,2186.66,4,Sunday
2024-02-29,Libros,Centro,Laura Sánchez,14,426.48,5970.72,2,Thursday
2024-01-02,Deportes,Centro,Ana García,19,106.16,2017.04,1,Tuesday
2024-10-30,Hogar,Sur,Juan Martínez,19,71.52,1358.8799999999999,10,Wednesday
2024-09-10,Deportes,Centro,Ana García,2,482.11,964.22,9,Tuesday
2024-05-19,Ropa,Sur,Carlos López,9,62.94,566.46,5,Sunday
2024-02-06,Deportes,Oeste,Juan Martínez,13,244.46,3177.98,2,Tuesday
2024-06-08,Electrónica,Norte,Ana García,15,296.93,4453.95,6,Saturday
2024-01-09,Ropa,Oeste,María Rodríguez,3,275.27,825.81,1,Tuesday
2024-08-20,Hogar,Centro,María Rodríguez,11,52.16,573.76,8,Tuesday
2024-04-08,Electrónica,Oeste,Carlos López,14,37.94,531.16,4,Monday
2024-05-26,Ropa,Oeste,Juan Martínez,8,61.69,493.52,5,Sunday
2024-10-30,Hogar,Oeste,Juan Martínez,18,296.94,5344.92,10,Wednesday
2024-07-26,Electrónica,Centro,Juan Martínez,19,276.73,5257.870000000001,7,Friday
2024-05-10,Electrónica,Oeste,Carlos López,16,124.53,1992.48,5,Friday
2024-05-31,Ropa,Sur,Juan Martínez,2,322.51,645.02,5,Friday
2024-02-23,Libros,Centro,María Rodríguez,8,411.83,3294.64,2,Friday
2024-04-29,Electrónica,Oeste,Ana García,6,30.37,182.22,4,Monday
2024-06-09,Electrónica,Centro,María Rodríguez,12,254.08,3048.96,6,Sunday
2024-04-25,Hogar,Este,María Rodríguez,15,347.76,5216.4,4,Thursday
2024-03-15,Deportes,Sur,Ana García,8,133.63,1069.04,3,Friday
2024-04-22,Ropa,Oeste,María Rodríguez,4,160.81,643.24,4,Monday
2024-04-13,Ropa,Este,Carlos López,15,310.68,4660.2,4,Saturday
2024-12-05,Libros,Este,Ana García,17,449.99,7649.83,12,Thursday
2024-09-10,Libros,Centro,María Rodríguez,13,406.86,5289.18,9,Tuesday
2024-08-14,Ropa,Este,Laura Sánchez,18,295.73,5323.14,8,Wednesday
2024-04-21,Libros,Sur,María Rodríguez,2,367.81,735.62,4,Sunday
2024-04-08,Hogar,Sur,Carlos López,13,188.76,2453.88,4,Monday
2024-06-01,Ropa,Norte,Juan Martínez,13,324.07,4212.91,6,Saturday
2024-12-14,Libros,Sur,María Rodríguez,15,238.43,3576.4500000000003,12,Saturday
2024-12-03,Ropa,Este,Juan Martínez,10,103.07,1030.6999999999998,12,Tuesday
2024-07-12,Deportes,Sur,Laura Sánchez,3,353.85,1061.5500000000002,7,Friday
2024-11-05,Electrónica,Centro,María Rodríguez,19,282.67,5370.7300000000005,11,Tuesday
2024-06-11,Ropa,Norte,Ana García,3,185.72,557.16,6,Tuesday
2024-07-26,Electrónica,Este,Juan Martínez,14,456.56,6391.84,7,Friday
2024-06-17,Libros,Norte,Laura Sánchez,8,20.26,162.08,6,Monday
2024-06-09,Electrónica,Este,Ana García,4,164.73,658.92,6,Sunday
2024-03-08,Ropa,Centro,Ana García,11,37.87,416.57,3,Friday
2024-10-15,Deportes,Norte,Ana García,11,385.6,4241.6,10,Tuesday
2024-10-03,Libros,Oeste,Ana García,11,354.03,3894.33,10,Thursday
2024-10-30,Ropa,Este,María Rodríguez,2,172.36,344.72,10,Wednesday
2024-05-14,Libros,Oeste,María Rodríguez,17,341.07,5798.19,5,Tuesday
2024-07-13,Hogar,Norte,María Rodríguez,9,204.01,1836.09,7,Saturday
2024-05-07,Electrónica,Oeste,Laura Sánchez,2,380.56,761.12,5,Tuesday
2024-02-02,Hogar,Oeste,Laura Sánchez,15,232.55,3488.25,2,Friday
2024-06-24,Ropa,Norte,Laura Sánchez,16,212.02,3392.32,6,Monday
2024-01-22,Deportes,Centro,Carlos López,4,468.02,1872.08,1,Monday
2024-08-25,Libros,Oeste,Laura Sánchez,8,132.93,1063.44,8,Sunday
2024-06-06,Electrónica,Oeste,María Rodríguez,9,69.02,621.18,6,Thursday
2024-02-07,Libros,Centro,María Rodríguez,5,296.43,1482.15,2,Wednesday
2024-08-17,Ropa,Oeste,Carlos López,16,484.97,7759.52,8,Saturday
2024-12-30,Libros,Oeste,Carlos López,13,195.14,2536.8199999999997,12,Monday
2024-02-20,Electrónica,Oeste,Laura Sánchez,7,40.4,282.8,2,Tuesday
2024-09-20,Ropa,Sur,Juan Martínez,17,176.26,2996.42,9,Friday
2024-10-09,Libros,Centro,Carlos López,3,257.91,773.73,10,Wednesday
2024-01-27,Deportes,Oeste,Ana García,5,89.34,446.70000000000005,1,Saturday
2024-08-13,Ropa,Centro,María Rodríguez,19,332.47,6316.93,8,Tuesday
2024-10-03,Ropa,Este,Ana García,12,498.9,5986.799999999999,10,Thursday
2024-10-12,Deportes,Este,María Rodríguez,7,231.35,1619.45,10,Saturday
2024-04-06,Hogar,Oeste,María Rodríguez,9,183.82,1654.3799999999999,4,Saturday
2024-10-10,Electrónica,Centro,Carlos López,6,206.35,1238.1,10,Thursday
2024-11-12,Hogar,Centro,Carlos López,17,66.42,1129.14,11,Tuesday
2024-10-30,Libros,Centro,Ana García,16,442.8,7084.8,10,Wednesday
2024-05-26,Deportes,Sur,María Rodríguez,3,213.26,639.78,5,Sunday
2024-01-04,Hogar,Este,Ana García,4,199.76,799.04,1,Thursday
2024-02-04,Ropa,Centro,Juan Martínez,10,333.25,3332.5,2,Sunday
2024-07-10,Libros,Centro,Ana García,5,226.6,1133.0,7,Wednesday
2024-02-18,Libros,Sur,Laura Sánchez,10,327.63,3276.3,2,Sunday
2024-01-17,Hogar,Sur,Ana García,12,40.11,481.32,1,Wednesday
2024-06-20,Hogar,Centro,Laura Sánchez,10,408.72,4087.2000000000003,6,Thursday
2024-08-07,Deportes,Norte,Laura Sánchez,13,470.85,6121.05,8,Wednesday
2024-06-06,Electrónica,Centro,Laura Sánchez,11,327.9,3606.8999999999996,6,Thursday
2024-02-15,Hogar,Centro,Juan Martínez,16,477.74,7643.84,2,Thursday
2024-01-06,Hogar,Sur,Ana García,8,84.2,673.6,1,Saturday
2024-04-08,Ropa,Sur,Ana García,8,243.93,1951.44,4,Monday
2024-08-20,Libros,Centro,Juan Martínez,8,304.89,2439.12,8,Tuesday
2024-02-06,Electrónica,Centro,María Rodríguez,13,295.05,3835.65,2,Tuesday
2024-10-06,Ropa,Centro,Carlos López,2,206.72,413.44,10,Sunday
2024-12-14,Deportes,Sur,Ana García,12,175.66,2107.92,12,Saturday
2024-10-28,Deportes,Centro,Carlos López,10,72.14,721.4,10,Monday
2024-06-29,Hogar,Centro,Juan Martínez,12,201.95,2423.3999999999996,6,Saturday
2024-04-04,Hogar,Oeste,María Rodríguez,11,89.7,986.7,4,Thursday
2024-04-08,Deportes,Norte,María Rodríguez,15,369.84,5547.599999999999,4,Monday
2024-07-06,Hogar,Este,María Rodríguez,16,112.33,1797.28,7,Saturday
2024-04-25,Electrónica,Norte,Juan Martínez,17,38.7,657.9000000000001,4,Thursday
2024-07-09,Hogar,Oeste,Laura Sánchez,2,280.66,561.32,7,Tuesday
2024-09-09,Libros,Este,Laura Sánchez,18,301.66,5429.88,9,Monday
2024-06-09,Hogar,Centro,Carlos López,12,437.24,5246.88,6,Sunday
2024-09-12,Ropa,Oeste,Laura Sánchez,19,292.72,5561.68,9,Thursday
2024-11-18,Electrónica,Centro,Laura Sánchez,18,179.29,3227.22,11,Monday
2024-05-07,Ropa,Sur,María Rodríguez,17,403.48,6859.16,5,Tuesday
2024-01-18,Ropa,Oeste,María Rodríguez,6,274.74,1648.44,1,Thursday
2024-10-07,Libros,Sur,Carlos López,15,48.85,732.75,10,Monday
2024-08-10,Electrónica,Oeste,Ana García,3,287.27,861.81,8,Saturday
2024-02-23,Electrónica,Oeste,Carlos López,6,454.93,2729.58,2,Friday
2024-02-27,Electrónica,Sur,Carlos López,3,204.19,612.5699999999999,2,Tuesday
2024-11-18,Electrónica,Este,Juan Martínez,1,155.2,155.2,11,Monday
2024-12-25,Electrónica,Norte,Juan Martínez,13,80.3,1043.8999999999999,12,Wednesday
2024-06-22,Libros,Centro,Carlos López,14,84.21,1178.9399999999998,6,Saturday
2024-10-06,Hogar,Oeste,Carlos López,13,222.06,2886.78,10,Sunday
2024-04-23,Ropa,Centro,Carlos López,4,301.88,1207.52,4,Tuesday
2024-10-14,Electrónica,Sur,Laura Sánchez,7,49.5,346.5,10,Monday
2024-12-07,Hogar,Centro,Juan Martínez,10,470.39,4703.9,12,Saturday
2024-05-30,Hogar,Sur,Carlos López,7,380.02,2660.14,5,Thursday
2024-05-06,Ropa,Centro,María Rodríguez,15,297.45,4461.75,5,Monday
2024-06-03,Libros,Norte,María Rodríguez,15,415.93,6238.95,6,Monday
2024-09-29,Deportes,Norte,Laura Sánchez,4,49.29,197.16,9,Sunday
2024-04-13,Deportes,Norte,Laura Sánchez,6,243.65,1461.9,4,Saturday
2024-10-25,Hogar,Norte,Ana García,5,318.75,1593.75,10,Friday
2024-09-02,Ropa,Norte,Ana García,12,416.04,4992.4800000000005,9,Monday
2024-06-24,Deportes,Norte,Ana García,1,393.9,393.9,6,Monday
2024-02-08,Hogar,Sur,Laura Sánchez,8,145.76,1166.08,2,Thursday
2024-06-18,Libros,Oeste,Laura Sánchez,1,471.03,471.03,6,Tuesday
2024-09-03,Deportes,Centro,Laura Sánchez,5,70.93,354.65000000000003,9,Tuesday
2024-01-26,Hogar,Norte,María Rodríguez,6,438.82,2632.92,1,Friday
2024-12-20,Hogar,Sur,Laura Sánchez,3,485.76,1457.28,12,Friday
2024-11-01,Electrónica,Sur,María Rodríguez,15,96.81,1452.15,11,Friday
2024-01-13,Libros,Sur,Ana García,5,363.81,1819.05,1,Saturday
2024-11-11,Electrónica,Oeste,Ana García,14,29.74,416.35999999999996,11,Monday
2024-11-08,Ropa,Centro,Ana García,18,208.66,3755.88,11,Friday
2024-02-05,Electrónica,Oeste,Carlos López,16,262.98,4207.68,2,Monday
2024-06-21,Electrónica,Este,Carlos López,6,294.52,1767.12,6,Friday
2024-01-20,Deportes,Sur,Juan Martínez,14,468.61,6560.54,1,Saturday
2024-11-16,Hogar,Este,Juan Martínez,8,339.4,2715.2,11,Saturday
2024-09-20,Libros,Norte,Juan Martínez,7,245.83,1720.8100000000002,9,Friday
2024-05-21,Electrónica,Norte,Carlos López,8,406.74,3253.92,5,Tuesday
2024-05-22,Libros,Oeste,Carlos López,13,475.76,6184.88,5,Wednesday
2024-04-01,Electrónica,Centro,Juan Martínez,6,20.81,124.85999999999999,4,Monday
2024-12-19,Ropa,Este,Juan Martínez,18,491.44,8845.92,12,Thursday
2024-11-17,Electrónica,Centro,Laura Sánchez,2,52.2,104.4,11,Sunday
2024-10-14,Deportes,Oeste,Juan Martínez,8,409.05,3272.4,10,Monday
2024-08-02,Hogar,Norte,Laura Sánchez,11,147.36,1620.96,8,Friday
2024-12-07,Ropa,Centro,María Rodríguez,1,74.77,74.77,12,Saturday
2024-02-20,Electrónica,Centro,Carlos López,6,225.53,1353.18,2,Tuesday
2024-06-01,Libros,Norte,Juan Martínez,16,325.54,5208.64,6,Saturday
2024-07-04,Ropa,Este,Carlos López,12,196.67,2360.04,7,Thursday
2024-03-03,Ropa,Norte,Carlos López,11,36.74,404.14000000000004,3,Sunday
2024-07-08,Electrónica,Centro,Carlos López,10,303.74,3037.4,7,Monday
2024-05-04,Ropa,Este,María Rodríguez,3,452.18,1356.54,5,Saturday
2024-05-29,Libros,Este,Ana García,13,197.78,2571.14,5,Wednesday
2024-11-09,Ropa,Norte,Juan Martínez,3,116.0,348.0,11,Saturday
2024-02-27,Libros,Centro,Ana García,15,226.86,3402.9,2,Tuesday
2024-12-07,Electrónica,Oeste,Ana García,16,33.7,539.2,12,Saturday
2024-10-31,Hogar,Centro,Ana García,13,412.04,5356.52,10,Thursday
2024-06-28,Ropa,Sur,Carlos López,17,414.91,7053.47,6,Friday
2024-06-18,Hogar,Oeste,Laura Sánchez,3,298.12,894.36,6,Tuesday
2024-11-21,Libros,Este,Carlos López,11,183.02,2013.22,11,Thursday
2024-09-27,Ropa,Oeste,Carlos López,19,401.89,7635.91,9,Friday
2024-02-23,Deportes,Este,Ana García,11,281.8,3099.8,2,Friday
2024-04-10,Hogar,Este,Carlos López,16,414.71,6635.36,4,Wednesday
2024-09-20,Ropa,Oeste,Ana García,3,319.41,958.23,9,Friday
2024-02-22,Hogar,Este,Laura Sánchez,6,394.36,2366.16,2,Thursday
2024-02-29,Ropa,Este,Juan Martínez,14,303.3,4246.2,2,Thursday
2024-04-17,Electrónica,Sur,Ana García,18,212.93,3832.7400000000002,4,Wednesday
2024-01-05,Hogar,Centro,Laura Sánchez,17,479.39,8149.63,1,Friday
2024-04-12,Deportes,Centro,Juan Martínez,4,275.15,1100.6,4,Friday
2024-07-14,Deportes,Sur,María Rodríguez,15,306.49,4597.35,7,Sunday
2024-09-18,Libros,Oeste,Ana García,11,118.04,1298.44,9,Wednesday
2024-12-30,Ropa,Norte,Ana García,3,316.57,949.71,12,Monday
2024-12-15,Hogar,Norte,María Rodríguez,3,290.09,870.27,12,Sunday
2024-02-16,Libros,Norte,María Rodríguez,16,100.57,1609.12,2,Friday
2024-12-20,Hogar,Sur,Ana García,5,39.2,196.0,12,Friday
2024-11-06,Ropa,Sur,María Rodríguez,10,306.14,3061.3999999999996,11,Wednesday
2024-11-03,Deportes,Este,Carlos López,19,384.21,7299.99,11,Sunday
2024-05-23,Electrónica,Norte,Juan Martínez,4,266.47,1065.88,5,Thursday
2024-09-25,Deportes,Oeste,Juan Martínez,19,121.12,2301.28,9,Wednesday
2024-05-03,Libros,Oeste,Juan Martínez,11,336.6,3702.6000000000004,5,Friday
2024-04-15,Electrónica,Norte,Carlos López,2,49.25,98.5,4,Monday
2024-06-06,Libros,Norte,María Rodríguez,10,226.5,2265.0,6,Thursday
2024-05-26,Ropa,Norte,Laura Sánchez,11,90.05,990.55,5,Sunday
2024-05-24,Electrónica,Sur,María Rodríguez,16,100.38,1606.08,5,Friday
2024-04-29,Libros,Sur,Ana García,19,109.12,2073.28,4,Monday
2024-11-14,Ropa,Sur,Juan Martínez,11,199.49,2194.3900000000003,11,Thursday
2024-10-01,Deportes,Centro,María Rodríguez,14,35.06,490.84000000000003,10,Tuesday
2024-04-01,Ropa,Oeste,Laura Sánchez,2,204.92,409.84,4,Monday
2024-02-27,Hogar,Oeste,Ana García,5,260.74,1303.7,2,Tuesday
2024-12-11,Ropa,Este,Carlos López,5,246.81,1234.05,12,Wednesday
2024-08-16,Ropa,Sur,Carlos López,19,197.56,3753.64,8,Friday
2024-04-26,Hogar,Centro,Laura Sánchez,12,421.18,5054.16,4,Friday
2024-11-13,Libros,Centro,Ana García,18,81.21,1461.78,11,Wednesday
2024-10-05,Libros,Oeste,Juan Martínez,4,257.79,1031.16,10,Saturday
2024-05-06,Ropa,Sur,María Rodríguez,17,40.4,686.8,5,Monday
2024-05-08,Hogar,Este,Ana García,10,44.87,448.7,5,Wednesday
2024-02-27,Hogar,Sur,Carlos López,6,291.19,1747.1399999999999,2,Tuesday
2024-05-01,Deportes,Norte,Laura Sánchez,14,287.35,4022.9000000000005,5,Wednesday
2024-01-01,Libros,Sur,Laura Sánchez,11,440.24,4842.64,1,Monday
2024-08-26,Electrónica,Norte,María Rodríguez,11,283.36,3116.96,8,Monday
2024-10-16,Libros,Norte,Laura Sánchez,18,480.3,8645.4,10,Wednesday
2024-04-05,Libros,Este,Laura Sánchez,18,33.86,609.48,4,Friday
2024-05-05,Deportes,Oeste,Ana García,11,58.02,638.22,5,Sunday
2024-04-27,Electrónica,Sur,Juan Martínez,12,31.59,379.08,4,Saturday
2024-02-17,Deportes,Norte,María Rodríguez,5,100.79,503.95000000000005,2,Saturday
2024-03-29,Electrónica,Sur,Ana García,9,275.22,2476.9800000000005,3,Friday
2024-08-24,Ropa,Oeste,Juan Martínez,9,326.33,2936.97,8,Saturday
2024-09-28,Electrónica,Oeste,Ana García,10,32.34,323.40000000000003,9,Saturday
2024-07-07,Deportes,Centro,Ana García,19,473.53,8997.07,7,Sunday
2024-07-10,Libros,Oeste,Laura Sánchez,1,422.66,422.66,7,Wednesday
2024-03-09,Electrónica,Este,Juan Martínez,7,155.34,1087.38,3,Saturday
2024-10-04,Electrónica,Norte,María Rodríguez,4,47.82,191.28,10,Friday
2024-12-14,Hogar,Centro,María Rodríguez,1,93.24,93.24,12,Saturday
2024-09-03,Libros,Este,Juan Martínez,15,72.2,1083.0,9,Tuesday
2024-03-16,Ropa,Sur,Laura Sánchez,8,70.41,563.28,3,Saturday
2024-06-02,Deportes,Norte,Carlos López,12,264.1,3169.2000000000003,6,Sunday
2024-05-23,Ropa,Oeste,Ana García,18,130.47,2348.46,5,Thursday
2024-03-26,Libros,Norte,Laura Sánchez,15,185.49,2782.3500000000004,3,Tuesday
2024-07-03,Electrónica,Sur,Juan Martínez,17,494.86,8412.62,7,Wednesday
2024-10-11,Electrónica,Centro,Ana García,14,345.31,4834.34,10,Friday
2024-08-07,Libros,Centro,María Rodríguez,14,475.0,6650.0,8,Wednesday
2024-03-09,Electrónica,Centro,Carlos López,18,79.85,1437.3,3,Saturday
2024-02-16,Electrónica,Oeste,María Rodríguez,18,197.25,3550.5,2,Friday
2024-04-03,Electrónica,Este,Juan Martínez,16,281.82,4509.12,4,Wednesday
2024-08-25,Deportes,Este,Ana García,1,47.61,47.61,8,Sunday
2024-07-22,Deportes,Norte,Juan Martínez,11,12.05,132.55,7,Monday
2024-08-05,Hogar,Oeste,Ana García,15,338.51,5077.65,8,Monday
2024-12-06,Ropa,Centro,Laura Sánchez,12,324.49,3893.88,12,Friday
2024-02-08,Libros,Centro,Carlos López,8,211.29,1690.32,2,Thursday
2024-04-09,Libros,Sur,Laura Sánchez,6,249.93,1499.58,4,Tuesday
2024-10-15,Libros,Sur,Laura Sánchez,3,213.57,640.71,10,Tuesday
2024-09-10,Hogar,Centro,Juan Martínez,13,21.76,282.88,9,Tuesday
2024-08-09,Deportes,Centro,Carlos López,13,174.33,2266.29,8,Friday
2024-12-22,Hogar,Oeste,Ana García,2,96.77,193.54,12,Sunday
2024-01-23,Libros,Este,Ana García,5,58.23,291.15,1,Tuesday
2024-09-06,Ropa,Sur,María Rodríguez,17,478.79,8139.43,9,Friday
2024-01-10,Electrónica,Este,Ana García,6,303.69,1822.1399999999999,1,Wednesday
2024-09-02,Deportes,Oeste,Juan Martínez,2,367.04,734.08,9,Monday
2024-11-20,Deportes,Centro,Laura Sánchez,4,164.53,658.12,11,Wednesday
2024-04-09,Hogar,Este,Laura Sánchez,11,202.64,2229.04,4,Tuesday
2024-10-16,Deportes,Centro,Laura Sánchez,8,126.09,1008.72,10,Wednesday
2024-06-28,Libros,Centro,Carlos López,12,57.51,690.12,6,Friday
2024-08-10,Libros,Norte,Ana García,8,97.73,781.84,8,Saturday
2024-09-06,Hogar,Este,Juan Martínez,11,400.78,4408.58,9,Friday
2024-05-26,Libros,Este,Carlos López,8,342.0,2736.0,5,Sunday
2024-04-05,Ropa,Centro,María Rodríguez,8,278.0,2224.0,4,Friday
2024-09-13,Hogar,Oeste,Juan Martínez,17,242.79,4127.43,9,Friday
2024-11-20,Ropa,Norte,Juan Martínez,16,461.99,7391.84,11,Wednesday
2024-01-04,Electrónica,Centro,Juan Martínez,14,45.64,638.96,1,Thursday
2024-01-16,Ropa,Sur,Laura Sánchez,11,147.49,1622.39,1,Tuesday
2024-10-06,Electrónica,Sur,Juan Martínez,7,181.47,1270.29,10,Sunday
2024-12-01,Electrónica,Norte,Ana García,16,393.39,6294.24,12,Sunday
2024-09-03,Ropa,Oeste,Juan Martínez,13,496.33,6452.29,9,Tuesday
2024-09-14,Hogar,Centro,Laura Sánchez,15,127.93,1918.95,9,Saturday
2024-06-08,Libros,Este,Juan Martínez,16,438.41,7014.56,6,Saturday
2024-12-05,Libros,Norte,María Rodríguez,9,417.01,3753.09,12,Thursday
2024-05-31,Electrónica,Oeste,María Rodríguez,3,120.08,360.24,5,Friday
2024-06-26,Electrónica,Este,Laura Sánchez,19,205.67,3907.7299999999996,6,Wednesday
2024-06-11,Hogar,Sur,Ana García,5,210.74,1053.7,6,Tuesday
2024-02-02,Deportes,Sur,Ana García,10,489.33,4893.3,2,Friday
2024-06-27,Ropa,Este,Carlos López,17,98.64,1676.88,6,Thursday
2024-04-10,Electrónica,Norte,Laura Sánchez,15,401.59,6023.849999999999,4,Wednesday
2024-09-24,Libros,Sur,Juan Martínez,8,173.75,1390.0,9,Tuesday
2024-11-18,Hogar,Centro,Laura Sánchez,15,368.13,5521.95,11,Monday
2024-03-05,Ropa,Este,Carlos López,14,215.81,3021.34,3,Tuesday
2024-06-16,Hogar,Este,Laura Sánchez,7,293.4,2053.7999999999997,6,Sunday
2024-11-25,Ropa,Sur,Laura Sánchez,12,417.98,5015.76,11,Monday
2024-02-12,Ropa,Norte,Carlos López,17,404.04,6868.68,2,Monday
2024-02-13,Electrónica,Centro,Ana García,17,434.55,7387.35,2,Tuesday
2024-10-11,Hogar,Norte,Juan Martínez,10,39.21,392.1,10,Friday
2024-01-12,Hogar,Oeste,Carlos López,19,349.1,6632.900000000001,1,Friday
2024-04-04,Libros,Oeste,María Rodríguez,14,78.59,1100.26,4,Thursday
2024-10-28,Libros,Sur,Ana García,11,213.75,2351.25,10,Monday
2024-09-09,Electrónica,Sur,María Rodríguez,2,278.81,557.62,9,Monday
2024-08-29,Electrónica,Sur,Ana García,18,207.34,3732.12,8,Thursday
2024-02-04,Deportes,Oeste,Juan Martínez,7,264.61,1852.27,2,Sunday
2024-08-02,Libros,Norte,Juan Martínez,12,498.3,5979.6,8,Friday
2024-12-02,Ropa,Norte,Laura Sánchez,2,76.26,152.52,12,Monday
2024-03-30,Hogar,Sur,María Rodríguez,18,340.97,6137.460000000001,3,Saturday
2024-09-20,Electrónica,Centro,Ana García,6,204.04,1224.24,9,Friday
2024-04-02,Hogar,Norte,Juan Martínez,10,75.17,751.7,4,Tuesday
2024-03-30,Hogar,Oeste,Carlos López,15,87.78,1316.7,3,Saturday
2024-04-24,Deportes,Este,Juan Martínez,5,475.14,2375.7,4,Wednesday
2024-04-14,Libros,Este,Carlos López,3,441.0,1323.0,4,Sunday
2024-07-14,Electrónica,Este,Ana García,5,454.45,2272.25,7,Sunday
2024-11-09,Hogar,Centro,Juan Martínez,8,495.85,3966.8,11,Saturday
2024-04-23,Electrónica,Sur,Juan Martínez,8,112.07,896.56,4,Tuesday
2024-03-15,Ropa,Oeste,Ana García,8,184.17,1473.36,3,Friday
2024-08-04,Deportes,Centro,Juan Martínez,12,337.92,4055.04,8,Sunday
2024-10-03,Ropa,Oeste,Carlos López,8,247.06,1976.48,10,Thursday
2024-09-05,Electrónica,Oeste,Juan Martínez,11,215.01,2365.1099999999997,9,Thursday
2024-06-12,Electrónica,Sur,María Rodríguez,14,185.33,2594.6200000000003,6,Wednesday
2024-12-22,Libros,Este,Laura Sánchez,8,300.95,2407.6,12,Sunday
2024-07-10,Hogar,Sur,Carlos López,10,292.04,2920.4,7,Wednesday
2024-08-14,Hogar,Centro,María Rodríguez,7,89.11,623.77,8,Wednesday
2024-06-25,Ropa,Centro,Ana García,17,241.15,4099.55,6,Tuesday
2024-04-08,Deportes,Centro,Carlos López,4,281.2,1124.8,4,Monday
2024-02-05,Hogar,Sur,Laura Sánchez,13,289.44,3762.72,2,Monday
2024-04-05,Libros,Oeste,Laura Sánchez,4,112.95,451.8,4,Friday
2024-05-31,Ropa,Oeste,Ana García,5,373.71,1868.55,5,Friday
2024-05-30,Ropa,Norte,Ana García,4,22.35,89.4,5,Thursday
2024-07-08,Libros,Centro,Carlos López,18,183.87,3309.66,7,Monday
2024-08-11,Deportes,Oeste,Juan Martínez,6,392.3,2353.8,8,Sunday
2024-02-06,Libros,Norte,Ana García,2,286.31,572.62,2,Tuesday
2024-09-24,Deportes,Oeste,Juan Martínez,11,137.97,1517.67,9,Tuesday
2024-07-01,Libros,Centro,María Rodríguez,14,350.53,4907.42,7,Monday
2024-01-13,Libros,Este,Laura Sánchez,5,288.02,1440.1,1,Saturday
2024-10-05,Electrónica,Centro,Juan Martínez,6,400.16,2400.96,10,Saturday
2024-08-04,Ropa,Sur,Laura Sánchez,10,370.16,3701.6000000000004,8,Sunday
2024-12-20,Libros,Oeste,Juan Martínez,8,308.95,2471.6,12,Friday
2024-12-26,Libros,Oeste,María Rodríguez,14,249.21,3488.94,12,Thursday
2024-10-12,Hogar,Sur,Ana García,3,75.26,225.78000000000003,10,Saturday
2024-09-29,Ropa,Sur,María Rodríguez,12,138.05,1656.6000000000001,9,Sunday
2024-03-02,Hogar,Este,Ana García,16,215.36,3445.76,3,Saturday
2024-03-24,Ropa,Oeste,Ana García,17,303.66,5162.22,3,Sunday
2024-08-04,Hogar,Oeste,Laura Sánchez,1,261.72,261.72,8,Sunday
2024-12-07,Libros,Este,María Rodríguez,10,151.21,1512.1000000000001,12,Saturday
2024-07-05,Libros,Norte,Juan Martínez,10,13.17,131.7,7,Friday
2024-01-19,Electrónica,Este,María Rodríguez,2,253.16,506.32,1,Friday
2024-06-25,Hogar,Centro,Laura Sánchez,9,149.96,1349.64,6,Tuesday
2024-04-09,Deportes,Oeste,Ana García,13,369.96,4809.48,4,Tuesday
2024-08-20,Electrónica,Sur,Laura Sánchez,16,21.73,347.68,8,Tuesday
2024-03-16,Hogar,Centro,Carlos López,18,296.57,5338.26,3,Saturday
2024-09-21,Hogar,Oeste,Carlos López,19,471.32,8955.08,9,Saturday
2024-10-10,Electrónica,Este,Juan Martínez,12,95.46,1145.52,10,Thursday
2024-07-24,Libros,Centro,Laura Sánchez,8,241.11,1928.88,7,Wednesday
2024-08-10,Hogar,Oeste,Juan Martínez,17,54.8,931.5999999999999,8,Saturday
2024-02-21,Libros,Norte,Juan Martínez,15,316.58,4748.7,2,Wednesday
2024-12-04,Electrónica,Norte,Carlos López,10,279.76,2797.6,12,Wednesday
2024-05-23,Libros,Sur,Juan Martínez,15,209.61,3144.15,5,Thursday
2024-03-09,Ropa,Oeste,Carlos López,15,265.47,3982.05,3,Saturday
2024-04-08,Deportes,Norte,Ana García,7,449.32,3145.24,4,Monday
2024-01-25,Hogar,Este,Laura Sánchez,13,106.18,1380.3400000000001,1,Thursday
2024-02-22,Deportes,Oeste,Juan Martínez,17,21.06,358.02,2,Thursday
2024-05-30,Libros,Este,Carlos López,9,432.22,3889.9800000000005,5,Thursday
2024-05-23,Hogar,Este,María Rodríguez,8,292.79,2342.32,5,Thursday
2024-02-26,Libros,Norte,Juan Martínez,18,446.42,8035.56,2,Monday
2024-02-08,Ropa,Oeste,Ana García,13,302.5,3932.5,2,Thursday
2024-04-18,Electrónica,Centro,Ana García,16,406.98,6511.68,4,Thursday
2024-06-29,Hogar,Norte,María Rodríguez,9,220.54,1984.86,6,Saturday
2024-02-11,Ropa,Norte,Carlos López,12,377.43,4529.16,2,Sunday
2024-07-04,Ropa,Oeste,Juan Martínez,12,457.39,5488.68,7,Thursday
2024-08-10,Hogar,Oeste,Carlos López,6,290.34,1742.04,8,Saturday
2024-05-01,Libros,Este,Ana García,19,98.58,1873.02,5,Wednesday
2024-05-12,Ropa,Oeste,Carlos López,7,141.71,991.97,5,Sunday
2024-06-11,Deportes,Este,Ana García,3,107.34,322.02,6,Tuesday
2024-08-02,Ropa,Norte,Carlos López,16,130.96,2095.36,8,Friday
2024-08-08,Libros,Sur,María Rodríguez,18,160.14,2882.5199999999995,8,Thursday
2024-08-22,Libros,Centro,Laura Sánchez,16,282.02,4512.32,8,Thursday
2024-11-26,Deportes,Norte,María Rodríguez,7,298.12,2086.84,11,Tuesday
2024-05-25,Ropa,Oeste,María Rodríguez,4,218.98,875.92,5,Saturday
2024-08-26,Libros,Centro,Laura Sánchez,8,311.56,2492.48,8,Monday
2024-03-16,Hogar,Sur,Laura Sánchez,13,49.97,649.61,3,Saturday
2024-01-09,Electrónica,Sur,Juan Martínez,13,53.02,689.26,1,Tuesday
2024-03-14,Electrónica,Este,Juan Martínez,17,94.2,1601.4,3,Thursday
2024-09-09,Electrónica,Centro,María Rodríguez,17,263.86,4485.62,9,Monday
2024-08-17,Ropa,Este,María Rodríguez,5,114.86,574.3,8,Saturday
2024-01-07,Deportes,Norte,Ana García,6,148.81,892.86,1,Sunday
2024-06-22,Libros,Centro,Ana García,19,206.15,3916.85,6,Saturday
2024-05-20,Hogar,Norte,Juan Martínez,13,407.81,5301.53,5,Monday
2024-06-16,Hogar,Este,Juan Martínez,14,16.79,235.06,6,Sunday
2024-06-18,Ropa,Centro,Ana García,4,328.2,1312.8,6,Tuesday
2024-10-09,Electrónica,Este,Ana García,7,337.75,2364.25,10,Wednesday
2024-05-01,Ropa,Centro,Carlos López,8,401.34,3210.72,5,Wednesday
2024-07-12,Deportes,Este,Carlos López,13,467.05,6071.650000000001,7,Friday
2024-01-05,Deportes,Sur,Ana García,6,19.87,119.22,1,Friday
2024-01-29,Libros,Este,Carlos López,6,85.35,512.0999999999999,1,Monday
2024-06-13,Libros,Sur,Laura Sánchez,3,444.22,1332.66,6,Thursday
2024-12-04,Deportes,Este,Juan Martínez,3,234.67,704.01,12,Wednesday
2024-05-15,Deportes,Centro,Juan Martínez,13,286.65,3726.45,5,Wednesday
2024-12-30,Deportes,Centro,Ana García,2,334.88,669.76,12,Monday
2024-11-16,Ropa,Centro,María Rodríguez,16,342.74,5483.84,11,Saturday
2024-12-07,Deportes,Oeste,Ana García,6,466.55,2799.3,12,Saturday
2024-05-24,Hogar,Norte,Carlos López,8,498.51,3988.08,5,Friday
2024-11-22,Electrónica,Centro,María Rodríguez,8,362.88,2903.04,11,Friday
2024-08-04,Deportes,Sur,Carlos López,6,150.74,904.44,8,Sunday
2024-10-27,Electrónica,Centro,Laura Sánchez,14,441.08,6175.12,10,Sunday
2024-05-11,Ropa,Oeste,Carlos López,3,34.12,102.35999999999999,5,Saturday
2024-10-18,Electrónica,Sur,Laura Sánchez,10,123.23,1232.3,10,Friday
2024-03-10,Ropa,Oeste,Laura Sánchez,3,449.72,1349.16,3,Sunday
2024-09-08,Hogar,Sur,Carlos López,12,135.53,1626.3600000000001,9,Sunday
2024-10-01,Ropa,Este,Carlos López,17,118.12,2008.04,10,Tuesday
2024-12-29,Ropa,Norte,Laura Sánchez,5,77.68,388.40000000000003,12,Sunday
2024-06-30,Libros,Norte,María Rodríguez,9,430.96,3878.64,6,Sunday
2024-06-15,Deportes,Oeste,Laura Sánchez,7,255.03,1785.21,6,Saturday
2024-03-31,Deportes,Norte,Juan Martínez,4,340.7,1362.8,3,Sunday
2024-07-20,Hogar,Oeste,Laura Sánchez,13,127.14,1652.82,7,Saturday
2024-12-11,Hogar,Oeste,María Rodríguez,13,381.44,4958.72,12,Wednesday
2024-01-19,Deportes,Oeste,Juan Martínez,10,382.4,3824.0,1,Friday
2024-02-08,Libros,Norte,Ana García,18,163.17,2937.06,2,Thursday
2024-05-05,Deportes,Oeste,Ana García,17,211.23,3590.91,5,Sunday
2024-06-21,Libros,Norte,María Rodríguez,13,112.75,1465.75,6,Friday
2024-05-20,Hogar,Oeste,Laura Sánchez,17,488.51,8304.67,5,Monday
2024-08-29,Electrónica,Centro,Carlos López,4,326.35,1305.4,8,Thursday
2024-08-07,Hogar,Oeste,María Rodríguez,1,467.93,467.93,8,Wednesday
2024-05-05,Hogar,Sur,Juan Martínez,1,158.66,158.66,5,Sunday
2024-02-27,Ropa,Oeste,Juan Martínez,15,393.13,5896.95,2,Tuesday
2024-05-27,Ropa,Este,Ana García,13,385.27,5008.51,5,Monday
2024-11-12,Ropa,Oeste,Juan Martínez,17,348.91,5931.47,11,Tuesday
2024-12-26,Ropa,Sur,María Rodríguez,8,483.16,3865.28,12,Thursday
2024-01-01,Libros,Sur,Juan Martínez,18,202.84,3651.12,1,Monday
2024-12-13,Deportes,Norte,María Rodríguez,13,74.05,962.65,12,Friday
2024-07-08,Electrónica,Centro,Carlos López,14,339.14,4747.96,7,Monday
2024-07-09,Hogar,Oeste,Ana García,8,367.36,2938.88,7,Tuesday
2024-11-07,Libros,Norte,Juan Martínez,8,291.78,2334.24,11,Thursday
2024-04-26,Electrónica,Centro,María Rodríguez,15,111.34,1670.1000000000001,4,Friday
2024-05-13,Libros,Oeste,Laura Sánchez,13,257.18,3343.34,5,Monday
2024-02-27,Libros,Este,Ana García,7,162.97,1140.79,2,Tuesday
2024-02-13,Hogar,Oeste,Carlos López,5,219.46,1097.3,2,Tuesday
2024-06-21,Deportes,Sur,María Rodríguez,17,326.16,5544.72,6,Friday
2024-06-08,Ropa,Sur,Carlos López,16,375.16,6002.56,6,Saturday
2024-06-21,Deportes,Este,Carlos López,2,123.79,247.58,6,Friday
2024-11-12,Hogar,Norte,Juan Martínez,18,208.61,3754.9800000000005,11,Tuesday
2024-10-29,Hogar,Centro,Juan Martínez,17,141.89,2412.1299999999997,10,Tuesday
2024-05-28,Hogar,Oeste,María Rodríguez,7,107.33,751.31,5,Tuesday
2024-03-20,Electrónica,Sur,Laura Sánchez,13,393.86,5120.18,3,Wednesday
2024-07-31,Deportes,Norte,María Rodríguez,18,455.53,8199.539999999999,7,Wednesday
2024-07-21,Deportes,Este,Laura Sánchez,14,191.41,2679.74,7,Sunday
2024-09-08,Libros,Sur,Carlos López,18,378.13,6806.34,9,Sunday
2024-08-16,Libros,Este,Ana García,13,449.53,5843.889999999999,8,Friday
2024-06-12,Libros,Oeste,María Rodríguez,11,424.6,4670.6,6,Wednesday
2024-08-14,Hogar,Centro,María Rodríguez,16,99.58,1593.28,8,Wednesday
2024-05-26,Deportes,Sur,Laura Sánchez,17,478.58,8135.86,5,Sunday
2024-01-20,Hogar,Sur,Carlos López,8,194.57,1556.56,1,Saturday
2024-02-16,Electrónica,Oeste,Carlos López,19,176.23,3348.37,2,Friday
2024-08-20,Libros,Norte,Laura Sánchez,15,40.59,608.85,8,Tuesday
2024-10-31,Hogar,Centro,Carlos López,9,248.23,2234.0699999999997,10,Thursday
2024-01-14,Hogar,Sur,Juan Martínez,10,63.42,634.2,1,Sunday
2024-05-22,Electrónica,Centro,Ana García,12,131.78,1581.3600000000001,5,Wednesday
2024-01-01,Ropa,Sur,María Rodríguez,1,165.3,165.3,1,Monday
2024-02-23,Deportes,Centro,Ana García,9,406.32,3656.88,2,Friday
2024-09-15,Ropa,Este,María Rodríguez,15,438.99,6584.85,9,Sunday
2024-05-23,Libros,Sur,Juan Martínez,1,158.21,158.21,5,Thursday
2024-01-12,Hogar,Centro,Carlos López,12,430.76,5169.12,1,Friday
2024-11-25,Electrónica,Norte,Laura Sánchez,3,430.04,1290.1200000000001,11,Monday
2024-08-11,Electrónica,Este,Juan Martínez,11,384.68,4231.4800000000005,8,Sunday
2024-09-28,Deportes,Este,Ana García,2,81.88,163.76,9,Saturday
2024-12-23,Ropa,Norte,Laura Sánchez,16,348.26,5572.16,12,Monday
2024-06-04,Deportes,Centro,Carlos López,9,473.06,4257.54,6,Tuesday
2024-01-08,Hogar,Oeste,Juan Martínez,15,344.44,5166.6,1,Monday
2024-05-01,Deportes,Norte,Laura Sánchez,12,172.49,2069.88,5,Wednesday
2024-12-13,Electrónica,Centro,Juan Martínez,1,255.28,255.28,12,Friday
2024-06-12,Electrónica,Norte,Juan Martínez,13,326.41,4243.33,6,Wednesday
2024-03-30,Libros,Norte,Carlos López,14,260.18,3642.52,3,Saturday
2024-05-15,Libros,Sur,María Rodríguez,8,68.78,550.24,5,Wednesday
2024-07-04,Hogar,Centro,Laura Sánchez,8,162.91,1303.28,7,Thursday
2024-11-11,Ropa,Oeste,Carlos López,12,403.17,4838.04,11,Monday
2024-06-26,Deportes,Sur,Juan Martínez,1,432.09,432.09,6,Wednesday
2024-01-28,Hogar,Norte,Carlos López,11,77.28,850.08,1,Sunday
2024-08-07,Libros,Norte,María Rodríguez,8,476.67,3813.36,8,Wednesday
2024-12-22,Deportes,Norte,Laura Sánchez,10,171.12,1711.2,12,Sunday
2024-02-10,Libros,Centro,María Rodríguez,19,334.53,6356.07,2,Saturday
2024-08-15,Deportes,Centro,Ana García,11,378.39,4162.29,8,Thursday
2024-07-10,Ropa,Sur,Laura Sánchez,7,407.85,2854.9500000000003,7,Wednesday
2024-05-24,Hogar,Oeste,María Rodríguez,11,473.42,5207.62,5,Friday
2024-07-19,Deportes,Sur,Juan Martínez,17,163.33,2776.61,7,Friday
2024-07-30,Electrónica,Este,Laura Sánchez,1,430.67,430.67,7,Tuesday
2024-08-07,Electrónica,Norte,Laura Sánchez,8,74.53,596.24,8,Wednesday
2024-08-27,Deportes,Norte,Carlos López,6,355.47,2132.82,8,Tuesday
2024-02-15,Deportes,Norte,Juan Martínez,18,373.57,6724.26,2,Thursday
2024-02-04,Deportes,Sur,Ana García,6,342.08,2052.48,2,Sunday
2024-09-09,Electrónica,Sur,María Rodríguez,5,133.63,668.15,9,Monday
2024-03-22,Electrónica,Norte,Carlos López,13,437.79,5691.27,3,Friday
2024-09-12,Deportes,Sur,María Rodríguez,19,92.74,1762.06,9,Thursday
2024-07-15,Libros,Centro,Ana García,8,36.28,290.24,7,Monday
2024-10-29,Libros,Centro,Ana García,9,361.56,3254.04,10,Tuesday
2024-01-10,Ropa,Sur,Laura Sánchez,17,242.98,4130.66,1,Wednesday
2024-11-07,Hogar,Norte,Ana García,3,426.06,1278.18,11,Thursday
2024-10-12,Libros,Sur,María Rodríguez,19,197.86,3759.34,10,Saturday
2024-08-29,Electrónica,Sur,Juan Martínez,11,92.46,1017.06,8,Thursday
2024-09-07,Libros,Sur,Juan Martínez,17,419.86,7137.62,9,Saturday
2024-12-30,Ropa,Este,Laura Sánchez,19,278.97,5300.43,12,Monday
2024-01-05,Ropa,Centro,María Rodríguez,2,102.71,205.42,1,Friday
2024-04-28,Hogar,Oeste,María Rodríguez,8,362.99,2903.92,4,Sunday
2024-10-15,Libros,Oeste,Ana García,19,260.45,4948.55,10,Tuesday
2024-03-05,Electrónica,Este,María Rodríguez,7,306.11,2142.77,3,Tuesday
2024-05-25,Electrónica,Sur,Carlos López,17,235.84,4009.28,5,Saturday
2024-08-11,Deportes,Este,Ana García,6,416.07,2496.42,8,Sunday
2024-08-26,Electrónica,Este,Carlos López,19,416.49,7913.31,8,Monday
2024-06-25,Hogar,Norte,Laura Sánchez,6,357.6,2145.6000000000004,6,Tuesday
2024-09-23,Hogar,Centro,Juan Martínez,2,61.65,123.3,9,Monday
2024-12-06,Electrónica,Oeste,Laura Sánchez,6,421.04,2526.2400000000002,12,Friday
2024-10-08,Electrónica,Sur,Juan Martínez,5,338.8,1694.0,10,Tuesday
2024-03-03,Deportes,Oeste,Laura Sánchez,19,351.54,6679.26,3,Sunday
2024-08-04,Electrónica,Oeste,María Rodríguez,4,187.86,751.44,8,Sunday
2024-12-07,Deportes,Centro,Carlos López,17,440.85,7494.450000000001,12,Saturday
2024-11-10,Deportes,Oeste,Juan Martínez,11,365.43,4019.73,11,Sunday
2024-10-09,Electrónica,Oeste,Ana García,4,65.17,260.68,10,Wednesday
2024-06-25,Ropa,Este,Carlos López,13,209.81,2727.53,6,Tuesday
2024-04-07,Ropa,Centro,Ana García,17,444.33,7553.61,4,Sunday
2024-04-14,Deportes,Norte,Carlos López,9,33.13,298.17,4,Sunday
2024-04-08,Electrónica,Sur,Carlos López,4,481.09,1924.36,4,Monday
2024-11-06,Ropa,Oeste,Laura Sánchez,14,342.79,4799.06,11,Wednesday
2024-01-06,Electrónica,Sur,Juan Martínez,19,319.37,6068.03,1,Saturday
2024-07-15,Electrónica,Norte,Juan Martínez,3,142.57,427.71,7,Monday
2024-12-16,Electrónica,Sur,Carlos López,14,131.91,1846.74,12,Monday
2024-05-12,Libros,Norte,María Rodríguez,8,471.61,3772.88,5,Sunday
2024-12-23,Electrónica,Este,María Rodríguez,1,156.15,156.15,12,Monday
2024-09-15,Libros,Oeste,Ana García,10,390.0,3900.0,9,Sunday
2024-01-23,Deportes,Norte,Ana García,18,202.63,3647.34,1,Tuesday
2024-02-22,Ropa,Sur,Laura Sánchez,16,78.23,1251.68,2,Thursday
2024-06-13,Ropa,Oeste,Carlos López,8,15.25,122.0,6,Thursday
2024-07-20,Ropa,Este,Ana García,1,276.69,276.69,7,Saturday
2024-03-23,Ropa,Oeste,Ana García,12,488.13,5857.5599999999995,3,Saturday
2024-05-24,Ropa,Norte,Carlos López,8,190.88,1527.04,5,Friday
2024-03-25,Ropa,Este,Laura Sánchez,16,185.02,2960.32,3,Monday
2024-03-18,Ropa,Sur,Ana García,18,178.6,3214.7999999999997,3,Monday
2024-01-01,Deportes,Este,Laura Sánchez,4,265.07,1060.28,1,Monday
2024-02-20,Electrónica,Este,Juan Martínez,6,225.93,1355.58,2,Tuesday
2024-06-21,Hogar,Centro,Laura Sánchez,12,441.16,5293.92,6,Friday
2024-07-23,Libros,Este,María Rodríguez,9,257.71,2319.39,7,Tuesday
2024-09-16,Hogar,Este,María Rodríguez,15,258.8,3882.0,9,Monday
2024-10-14,Hogar,Oeste,Laura Sánchez,16,77.8,1244.8,10,Monday
2024-02-03,Electrónica,Sur,María Rodríguez,12,491.54,5898.4800000000005,2,Saturday
2024-12-13,Electrónica,Oeste,Juan Martínez,14,132.49,1854.8600000000001,12,Friday
2024-04-04,Electrónica,Oeste,Carlos López,13,45.95,597.35,4,Thursday
2024-03-12,Ropa,Norte,María Rodríguez,2,334.94,669.88,3,Tuesday
2024-02-08,Deportes,Oeste,María Rodríguez,3,301.73,905.19,2,Thursday
2024-06-02,Ropa,Centro,Laura Sánchez,10,213.42,2134.2,6,Sunday
2024-09-06,Deportes,Centro,Juan Martínez,9,216.87,1951.83,9,Friday
2024-06-10,Deportes,Norte,Carlos López,8,394.68,3157.44,6,Monday
2024-04-27,Hogar,Sur,Laura Sánchez,10,105.9,1059.0,4,Saturday
2024-09-15,Hogar,Sur,Laura Sánchez,19,411.92,7826.4800000000005,9,Sunday
2024-11-01,Deportes,Oeste,Juan Martínez,3,327.89,983.67,11,Friday
2024-09-24,Deportes,Oeste,Carlos López,5,215.3,1076.5,9,Tuesday
2024-02-23,Ropa,Oeste,Juan Martínez,3,234.43,703.29,2,Friday
2024-08-23,Ropa,Sur,Carlos López,16,135.76,2172.16,8,Friday
2024-08-09,Hogar,Este,Juan Martínez,17,378.54,6435.18,8,Friday
2024-09-07,Electrónica,Centro,Laura Sánchez,15,261.31,3919.65,9,Saturday
2024-11-08,Deportes,Este,Laura Sánchez,3,167.22,501.65999999999997,11,Friday
2024-04-21,Ropa,Este,Ana García,12,302.06,3624.7200000000003,4,Sunday
2024-09-11,Hogar,Sur,María Rodríguez,9,497.91,4481.1900000000005,9,Wednesday
2024-10-29,Ropa,Este,Juan Martínez,12,223.28,2679.36,10,Tuesday
2024-07-25,Deportes,Norte,Ana García,15,461.14,6917.099999999999,7,Thursday
2024-08-16,Deportes,Oeste,María Rodríguez,2,179.06,358.12,8,Friday
2024-12-06,Libros,Norte,Juan Martínez,18,36.82,662.76,12,Friday
2024-03-06,Electrónica,Centro,Carlos López,12,110.08,1320.96,3,Wednesday
2024-03-15,Libros,Oeste,María Rodríguez,4,215.16,860.64,3,Friday
2024-04-12,Hogar,Este,Laura Sánchez,16,117.62,1881.92,4,Friday
2024-07-10,Ropa,Centro,Ana García,16,10.11,161.76,7,Wednesday
2024-09-08,Hogar,Oeste,María Rodríguez,1,458.35,458.35,9,Sunday
2024-08-13,Deportes,Este,María Rodríguez,2,423.5,847.0,8,Tuesday
2024-10-20,Libros,Norte,Laura Sánchez,3,373.72,1121.16,10,Sunday
2024-11-01,Libros,Oeste,Juan Martínez,17,92.23,1567.91,11,Friday
2024-04-07,Libros,Este,Carlos López,1,68.98,68.98,4,Sunday
2024-12-03,Hogar,Norte,Laura Sánchez,6,43.13,258.78000000000003,12,Tuesday
2024-10-12,Deportes,Centro,Carlos López,15,364.77,5471.549999999999,10,Saturday
2024-11-30,Ropa,Centro,Juan Martínez,14,465.12,6511.68,11,Saturday
2024-12-12,Ropa,Centro,María Rodríguez,15,220.96,3314.4,12,Thursday
2024-11-03,Hogar,Centro,Carlos López,14,68.38,957.3199999999999,11,Sunday
2024-09-05,Libros,Sur,Ana García,5,261.07,1305.35,9,Thursday
2024-06-14,Electrónica,Oeste,Ana García,6,180.93,1085.58,6,Friday
2024-11-30,Hogar,Oeste,Laura Sánchez,17,193.66,3292.22,11,Saturday
2024-01-30,Hogar,Sur,Juan Martínez,11,314.45,3458.95,1,Tuesday
2024-09-03,Deportes,Este,Laura Sánchez,16,362.17,5794.72,9,Tuesday
2024-04-15,Ropa,Este,Laura Sánchez,12,64.2,770.4000000000001,4,Monday
2024-02-20,Hogar,Centro,Laura Sánchez,15,27.44,411.6,2,Tuesday
2024-03-21,Hogar,Norte,Ana García,4,497.22,1988.88,3,Thursday
2024-05-12,Libros,Este,Ana García,18,124.04,2232.7200000000003,5,Sunday
2024-10-11,Libros,Norte,Laura Sánchez,3,36.38,109.14000000000001,10,Friday
2024-05-17,Electrónica,Oeste,Ana García,8,103.04,824.32,5,Friday
2024-07-02,Deportes,Norte,Juan Martínez,3,29.09,87.27,7,Tuesday
2024-11-25,Electrónica,Oeste,Laura Sánchez,8,201.99,1615.92,11,Monday
2024-09-29,Libros,Sur,Ana García,18,403.18,7257.24,9,Sunday
2024-12-05,Ropa,Sur,Carlos López,10,177.21,1772.1000000000001,12,Thursday
2024-03-09,Libros,Centro,Laura Sánchez,17,227.65,3870.05,3,Saturday
2024-02-03,Deportes,Este,Laura Sánchez,8,341.04,2728.32,2,Saturday
2024-09-18,Libros,Centro,Juan Martínez,11,259.36,2852.96,9,Wednesday
2024-02-22,Deportes,Oeste,María Rodríguez,5,432.11,2160.55,2,Thursday
2024-07-23,Deportes,Centro,María Rodríguez,13,434.36,5646.68,7,Tuesday
2024-05-05,Deportes,Norte,Juan Martínez,5,14.86,74.3,5,Sunday
2024-08-22,Deportes,Oeste,Juan Martínez,13,391.24,5086.12,8,Thursday
2024-02-12,Deportes,Sur,Juan Martínez,6,235.76,1414.56,2,Monday
2024-08-27,Ropa,Este,María Rodríguez,5,494.53,2472.6499999999996,8,Tuesday
2024-04-20,Electrónica,Oeste,Juan Martínez,9,246.78,2221.02,4,Saturday
2024-09-05,Hogar,Oeste,Ana García,16,493.58,7897.28,9,Thursday
2024-05-30,Electrónica,Norte,Laura Sánchez,2,379.74,759.48,5,Thursday
2024-07-01,Deportes,Este,Laura Sánchez,1,131.82,131.82,7,Monday
2024-12-01,Ropa,Sur,Carlos López,8,273.81,2190.48,12,Sunday
2024-04-04,Libros,Oeste,Carlos López,19,496.15,9426.85,4,Thursday
2024-01-08,Ropa,Oeste,Laura Sánchez,11,430.19,4732.09,1,Monday
2024-12-25,Deportes,Norte,Ana García,12,57.71,692.52,12,Wednesday
2024-07-02,Ropa,Centro,María Rodríguez,12,356.12,4273.4400000000005,7,Tuesday
2024-10-07,Ropa,Sur,María Rodríguez,7,179.33,1255.3100000000002,10,Monday
2024-07-13,Deportes,Este,Ana García,13,13.42,174.46,7,Saturday
2024-12-17,Ropa,Oeste,María Rodríguez,8,207.71,1661.68,12,Tuesday
2024-07-13,Hogar,Oeste,Juan Martínez,9,125.03,1125.27,7,Saturday
2024-06-03,Hogar,Sur,Laura Sánchez,7,411.25,2878.75,6,Monday
2024-04-02,Ropa,Centro,Laura Sánchez,15,175.29,2629.35,4,Tuesday
2024-06-08,Libros,Oeste,Ana García,2,415.49,830.98,6,Saturday
2024-03-01,Deportes,Sur,María Rodríguez,12,10.29,123.47999999999999,3,Friday
2024-05-01,Hogar,Norte,Carlos López,1,160.83,160.83,5,Wednesday
2024-02-20,Libros,Centro,Carlos López,8,128.17,1025.36,2,Tuesday
2024-10-03,Ropa,Este,María Rodríguez,5,124.45,622.25,10,Thursday
2024-01-05,Libros,Oeste,Carlos López,15,43.41,651.15,1,Friday
2024-04-01,Electrónica,Sur,Ana García,1,101.69,101.69,4,Monday
2024-06-18,Hogar,Norte,Ana García,1,282.22,282.22,6,Tuesday
2024-11-12,Ropa,Este,María Rodríguez,10,152.77,1527.7,11,Tuesday
2024-01-22,Deportes,Sur,Carlos López,10,214.52,2145.2000000000003,1,Monday
2024-11-21,Ropa,Sur,Ana García,15,194.66,2919.9,11,Thursday
2024-01-01,Deportes,Este,Ana García,17,439.19,7466.23,1,Monday
2024-05-12,Ropa,Norte,Juan Martínez,6,453.6,2721.6000000000004,5,Sunday
2024-08-20,Libros,Norte,Juan Martínez,3,251.55,754.6500000000001,8,Tuesday
2024-01-12,Libros,Centro,Ana García,13,171.78,2233.14,1,Friday
2024-12-11,Libros,Oeste,María Rodríguez,16,62.33,997.28,12,Wednesday
2024-02-15,Electrónica,Este,Laura Sánchez,8,477.17,3817.36,2,Thursday
2024-02-03,Deportes,Este,Laura Sánchez,15,39.51,592.65,2,Saturday
2024-03-18,Libros,Este,Ana García,17,155.85,2649.45,3,Monday
2024-08-05,Electrónica,Norte,Ana García,17,156.05,2652.8500000000004,8,Monday
2024-10-27,Deportes,Oeste,Ana García,13,167.0,2171.0,10,Sunday
2024-03-13,Ropa,Centro,María Rodríguez,17,90.5,1538.5,3,Wednesday
2024-10-08,Electrónica,Sur,Juan Martínez,6,393.75,2362.5,10,Tuesday
2024-09-05,Hogar,Sur,Ana García,17,70.02,1190.34,9,Thursday
2024-02-16,Electrónica,Este,Ana García,16,321.1,5137.6,2,Friday
2024-04-30,Electrónica,Oeste,Carlos López,14,70.68,989.5200000000001,4,Tuesday
2024-08-01,Deportes,Norte,María Rodríguez,13,44.56,579.28,8,Thursday
2024-08-26,Ropa,Oeste,Ana García,6,455.62,2733.7200000000003,8,Monday
2024-02-25,Hogar,Oeste,Carlos López,3,103.16,309.48,2,Sunday
2024-12-15,Libros,Norte,Laura Sánchez,14,412.41,5773.740000000001,12,Sunday
2024-04-16,Libros,Este,Ana García,14,276.87,3876.1800000000003,4,Tuesday
2024-11-14,Electrónica,Oeste,Ana García,15,48.15,722.25,11,Thursday
2024-02-17,Deportes,Sur,Carlos López,8,478.17,3825.36,2,Saturday
2024-03-01,Deportes,Norte,María Rodríguez,15,131.01,1965.1499999999999,3,Friday
2024-12-02,Libros,Centro,Ana García,13,431.23,5605.99,12,Monday
2024-01-26,Hogar,Este,Laura Sánchez,17,92.72,1576.24,1,Friday
2024-10-18,Ropa,Norte,Ana García,3,428.43,1285.29,10,Friday
2024-09-13,Hogar,Centro,Laura Sánchez,6,16.48,98.88,9,Friday
2024-01-08,Ropa,Centro,Juan Martínez,5,260.77,1303.85,1,Monday
2024-04-22,Libros,Oeste,Juan Martínez,17,387.03,6579.509999999999,4,Monday
2024-12-20,Ropa,Oeste,Laura Sánchez,2,468.05,936.1,12,Friday
2024-09-09,Deportes,Oeste,María Rodríguez,15,455.51,6832.65,9,Monday
2024-06-28,Electrónica,Norte,Ana García,5,411.62,2058.1,6,Friday
2024-07-25,Electrónica,Norte,Ana García,6,445.21,2671.2599999999998,7,Thursday
2024-10-29,Libros,Este,Juan Martínez,6,107.62,645.72,10,Tuesday
2024-05-06,Deportes,Oeste,Laura Sánchez,18,149.25,2686.5,5,Monday
2024-02-25,Hogar,Centro,Ana García,18,151.59,2728.62,2,Sunday
2024-08-01,Deportes,Sur,Ana García,4,194.76,779.04,8,Thursday
2024-01-14,Electrónica,Este,María Rodríguez,17,202.73,3446.41,1,Sunday
2024-01-28,Electrónica,Norte,Carlos López,14,276.83,3875.62,1,Sunday
2024-03-18,Deportes,Este,Juan Martínez,14,88.34,1236.76,3,Monday
2024-08-03,Deportes,Este,Juan Martínez,13,348.71,4533.23,8,Saturday
2024-12-30,Electrónica,Este,Carlos López,7,92.11,644.77,12,Monday
2024-06-02,Hogar,Este,Ana García,12,162.05,1944.6000000000001,6,Sunday
2024-01-14,Libros,Sur,María Rodríguez,15,256.64,3849.6,1,Sunday
2024-07-05,Libros,Oeste,María Rodríguez,19,400.26,7604.94,7,Friday
2024-11-07,Deportes,Centro,Juan Martínez,11,372.34,4095.74,11,Thursday
2024-01-07,Libros,Este,María Rodríguez,15,326.31,4894.65,1,Sunday
2024-01-03,Electrónica,Este,Carlos López,12,86.33,1035.96,1,Wednesday
2024-04-20,Electrónica,Este,Ana García,3,278.05,834.1500000000001,4,Saturday
2024-08-25,Deportes,Oeste,Carlos López,17,52.85,898.45,8,Sunday
2024-12-28,Deportes,Norte,Laura Sánchez,3,194.91,584.73,12,Saturday
2024-08-26,Deportes,Norte,Juan Martínez,19,212.62,4039.78,8,Monday
2024-09-30,Hogar,Sur,María Rodríguez,4,29.51,118.04,9,Monday
2024-10-20,Libros,Norte,Laura Sánchez,3,144.25,432.75,10,Sunday
2024-08-14,Deportes,Este,María Rodríguez,16,478.27,7652.32,8,Wednesday
2024-01-15,Ropa,Este,Ana García,12,477.28,5727.36,1,Monday
2024-07-10,Ropa,Este,Ana García,8,182.64,1461.12,7,Wednesday
2024-04-28,Electrónica,Sur,Ana García,17,31.12,529.04,4,Sunday
2024-01-28,Libros,Este,María Rodríguez,7,97.76,684.32,1,Sunday
2024-07-20,Deportes,Norte,Laura Sánchez,11,202.19,2224.09,7,Saturday
2024-02-08,Ropa,Oeste,Ana García,18,474.41,8539.380000000001,2,Thursday
2024-09-29,Libros,Oeste,Laura Sánchez,1,79.19,79.19,9,Sunday
2024-08-18,Electrónica,Centro,María Rodríguez,3,384.12,1152.3600000000001,8,Sunday
2024-03-26,Hogar,Norte,Laura Sánchez,4,63.25,253.0,3,Tuesday
2024-05-05,Libros,Este,María Rodríguez,13,490.82,6380.66,5,Sunday
2024-10-26,Libros,Oeste,María Rodríguez,6,196.99,1181.94,10,Saturday
2024-01-25,Hogar,Norte,Juan Martínez,14,389.86,5458.04,1,Thursday
2024-05-24,Libros,Oeste,María Rodríguez,5,177.87,889.35,5,Friday
2024-01-13,Electrónica,Este,María Rodríguez,16,317.56,5080.96,1,Saturday
2024-07-30,Electrónica,Oeste,Carlos López,15,104.09,1561.3500000000001,7,Tuesday
2024-01-25,Hogar,Centro,Ana García,15,81.55,1223.25,1,Thursday
2024-03-08,Deportes,Centro,Juan Martínez,4,469.65,1878.6,3,Friday
2024-03-07,Ropa,Oeste,Juan Martínez,8,459.65,3677.2,3,Thursday
2024-08-20,Deportes,Norte,Juan Martínez,16,444.86,7117.76,8,Tuesday
2024-04-18,Libros,Norte,Carlos López,16,316.46,5063.36,4,Thursday
2024-05-25,Ropa,Norte,María Rodríguez,4,406.05,1624.2,5,Saturday
2024-04-20,Hogar,Oeste,Ana García,13,43.83,569.79,4,Saturday
2024-08-15,Hogar,Norte,Laura Sánchez,13,174.05,2262.65,8,Thursday
2024-04-20,Ropa,Este,María Rodríguez,2,163.71,327.42,4,Saturday
2024-02-03,Electrónica,Centro,Carlos López,3,321.47,964.4100000000001,2,Saturday
2024-04-20,Ropa,Este,María Rodríguez,8,184.42,1475.36,4,Saturday
2024-09-20,Libros,Norte,María Rodríguez,15,82.77,1241.55,9,Friday
2024-08-23,Electrónica,Este,Carlos López,11,302.27,3324.97,8,Friday
2024-03-23,Hogar,Norte,Juan Martínez,9,409.05,3681.4500000000003,3,Saturday
2024-02-11,Ropa,Oeste,Juan Martínez,7,197.24,1380.68,2,Sunday
2024-04-10,Deportes,Este,Ana García,13,74.81,972.53,4,Wednesday
2024-01-06,Deportes,Oeste,Ana García,2,106.38,212.76,1,Saturday
2024-06-28,Libros,Oeste,Juan Martínez,8,126.37,1010.96,6,Friday
2024-10-08,Deportes,Sur,Laura Sánchez,7,156.95,1098.6499999999999,10,Tuesday
2024-11-15,Ropa,Norte,María Rodríguez,12,324.97,3899.6400000000003,11,Friday
2024-08-13,Ropa,Centro,Laura Sánchez,19,304.46,5784.74,8,Tuesday
2024-11-10,Deportes,Norte,María Rodríguez,7,351.08,2457.56,11,Sunday
2024-12-30,Ropa,Centro,Juan Martínez,10,187.63,1876.3,12,Monday
2024-08-16,Libros,Norte,Ana García,16,413.76,6620.16,8,Friday
2024-10-15,Electrónica,Oeste,Ana García,3,110.0,330.0,10,Tuesday
2024-05-29,Libros,Este,Laura Sánchez,10,239.83,2398.3,5,Wednesday
2024-10-03,Libros,Este,Ana García,6,402.46,2414.7599999999998,10,Thursday
2024-07-16,Ropa,Sur,Juan Martínez,18,98.28,1769.04,7,Tuesday
2024-03-10,Electrónica,Centro,Laura Sánchez,18,63.83,1148.94,3,Sunday
2024-04-21,Ropa,Centro,María Rodríguez,5,443.01,2215.05,4,Sunday
2024-01-04,Hogar,Centro,Ana García,7,178.04,1246.28,1,Thursday
2024-12-15,Ropa,Oeste,Carlos López,2,345.1,690.2,12,Sunday
2024-11-26,Ropa,Centro,Ana García,11,22.42,246.62,11,Tuesday
2024-11-13,Ropa,Este,María Rodríguez,13,348.12,4525.56,11,Wednesday
2024-12-15,Electrónica,Oeste,Laura Sánchez,5,164.89,824.4499999999999,12,Sunday
2024-04-04,Ropa,Norte,María Rodríguez,6,37.31,223.86,4,Thursday
2024-05-31,Electrónica,Centro,Carlos López,14,308.81,4323.34,5,Friday
2024-11-06,Deportes,Centro,Juan Martínez,12,127.99,1535.8799999999999,11,Wednesday
2024-05-16,Hogar,Norte,Ana García,4,199.54,798.16,5,Thursday
2024-09-03,Electrónica,Centro,Laura Sánchez,6,49.48,296.88,9,Tuesday
2024-08-30,Deportes,Norte,Juan Martínez,10,82.11,821.1,8,Friday
2024-01-31,Electrónica,Oeste,María Rodríguez,18,156.01,2808.18,1,Wednesday
2024-02-09,Electrónica,Este,Laura Sánchez,15,53.98,809.6999999999999,2,Friday
2024-08-16,Hogar,Norte,Juan Martínez,8,456.3,3650.4,8,Friday
2024-02-05,Libros,Sur,Laura Sánchez,9,12.96,116.64000000000001,2,Monday
2024-08-10,Libros,Norte,Carlos López,5,247.09,1235.45,8,Saturday
2024-01-06,Electrónica,Centro,Carlos López,10,70.39,703.9,1,Saturday
2024-11-17,Ropa,Oeste,Ana García,6,160.76,964.56,11,Sunday
2024-08-07,Deportes,Oeste,Ana García,16,463.77,7420.32,8,Wednesday
2024-03-15,Ropa,Norte,Carlos López,3,89.23,267.69,3,Friday
2024-01-04,Ropa,Este,Laura Sánchez,10,483.26,4832.6,1,Thursday
2024-11-30,Electrónica,Sur,Carlos López,11,110.84,1219.24,11,Saturday
2024-05-13,Electrónica,Oeste,Ana García,11,373.37,4107.07,5,Monday
2024-04-27,Electrónica,Centro,Carlos López,17,277.87,4723.79,4,Saturday
2024-04-03,Electrónica,Centro,Carlos López,4,443.39,1773.56,4,Wednesday
2024-03-02,Libros,Este,Laura Sánchez,4,281.46,1125.84,3,Saturday
2024-07-12,Electrónica,Oeste,Juan Martínez,17,271.93,4622.81,7,Friday
2024-11-30,Libros,Norte,Ana García,9,105.77,951.93,11,Saturday
2024-07-21,Libros,Centro,Laura Sánchez,19,91.45,1737.55,7,Sunday
2024-01-26,Electrónica,Este,Carlos López,5,459.08,2295.4,1,Friday
2024-06-21,Hogar,Oeste,Carlos López,6,170.64,1023.8399999999999,6,Friday
2024-10-26,Deportes,Oeste,Juan Martínez,3,192.32,576.96,10,Saturday
2024-05-12,Ropa,Oeste,Ana García,1,382.31,382.31,5,Sunday
2024-11-21,Libros,Oeste,Ana García,16,176.02,2816.32,11,Thursday
2024-04-27,Deportes,Oeste,María Rodríguez,11,476.51,5241.61,4,Saturday
2024-11-19,Hogar,Centro,Ana García,13,371.58,4830.54,11,Tuesday
2024-10-01,Ropa,Este,Juan Martínez,10,302.74,3027.4,10,Tuesday
2024-07-30,Ropa,Oeste,María Rodríguez,3,441.64,1324.92,7,Tuesday
2024-08-12,Libros,Sur,María Rodríguez,9,34.31,308.79,8,Monday
2024-01-20,Electrónica,Sur,Carlos López,12,135.96,1631.52,1,Saturday
2024-04-22,Hogar,Este,Carlos López,14,237.87,3330.1800000000003,4,Monday
2024-05-19,Libros,Norte,Ana García,1,121.22,121.22,5,Sunday
2024-02-16,Hogar,Norte,María Rodríguez,18,374.51,6741.18,2,Friday
2024-01-01,Electrónica,Norte,Carlos López,17,460.41,7826.97,1,Monday
2024-03-30,Electrónica,Sur,Juan Martínez,9,217.65,1958.8500000000001,3,Saturday
2024-05-21,Libros,Norte,Carlos López,9,177.64,1598.7599999999998,5,Tuesday
2024-11-15,Electrónica,Centro,Carlos López,10,481.16,4811.6,11,Friday
2024-02-07,Deportes,Oeste,María Rodríguez,19,227.98,4331.62,2,Wednesday
2024-10-19,Ropa,Sur,María Rodríguez,15,249.63,3744.45,10,Saturday
2024-05-18,Libros,Este,Laura Sánchez,5,182.31,911.55,5,Saturday
2024-12-21,Hogar,Este,Juan Martínez,15,455.68,6835.2,12,Saturday
2024-11-28,Deportes,Oeste,María Rodríguez,2,288.79,577.58,11,Thursday
